Normal_Distribution,Uniform_Distribution,Exponential_Distribution,Poisson_Distribution
57.450712295168486,30.048954935544185,2.472682368674306,4
47.92603548243223,26.274070420064014,0.37412565838195827,5
59.715328071510385,58.1858149726182,1.1431801916276623,4
72.84544784612038,62.388543589214066,4.137906434050309,1
46.48769937914996,21.895168689538522,16.224506094256462,3
46.487945645762295,76.17273477462139,8.487457425913128,7
73.68819223261087,23.118277019088346,7.188091009880626,6
61.51152093729363,52.47778011806423,3.4741625703664742,10
42.95788421097572,62.54363116705498,26.84632343586216,4
58.13840065378947,72.25814742476513,5.058630265746683,5
43.04873460781307,62.84521592794567,0.9112101011657558,6
43.01405369644615,68.10368498418751,9.59893976209954,6
53.629434073490515,40.367011552568364,1.2085594487066291,8
21.300796330133032,68.88950682479074,4.234607774232656,4
24.126232512304508,24.806890783080508,7.0808202971974605,3
41.56568706138541,73.68899936363167,20.732410022989164,3
34.80753319498364,52.85554256922418,6.80322924655953,9
54.71370998892911,69.03786619774962,12.115305120925102,7
36.37963886718184,47.13909707109801,49.3601574197811,2
28.815444479970626,58.6146617117915,1.4097516591598156,2
71.98473153382331,51.58415965616679,3.212133830469017,4
46.61335549270196,63.89537130531991,5.01826364836475,6
51.012923070318855,24.897798921835374,5.47884185521464,9
28.628777206798148,23.621125039433828,5.293648774062828,11
41.834259132122256,34.82619404060878,23.817473827119144,4
51.663838845647994,29.5726808067913,12.518776161694253,7
32.73509633866546,72.3070139955321,9.362516676317526,7
55.63547027518508,33.15283924148266,3.7015498982939885,3
40.99041965121793,78.55191534914788,17.360809938777113,7
45.62459375310085,40.213747506266415,31.02438393798156,5
40.97440081655905,30.927074941321955,17.214778108650663,2
77.78417276763406,67.38191042854875,0.015663312480417482,9
49.79754162893099,59.52246653005257,10.117046850671212,6
34.13433606566149,49.89174298718834,0.5248914749504456,3
62.338173681547836,53.321813056257874,2.9787682322247564,6
31.687345250434667,63.15210669633583,0.6136989358196631,3
53.132953925071334,33.70728447987793,9.25824668128792,2
20.604948141803366,79.78003496340452,11.602427654447604,8
30.077209266523543,78.487589728807,1.21588861456813,4
52.952918538036855,59.01954118081621,4.842467961493605,5
61.07699869993115,31.972547055748706,6.092408857707893,4
52.57052421784956,60.81369454587748,4.605334481187394,3
48.265275764176394,24.33190453875055,1.289988236641173,4
45.48344456616067,21.839150132348365,5.429146641838808,3
27.822170144488588,35.46097331067282,13.910176897280738,11
39.20233687407937,47.75737740435898,0.7365479050723611,6
43.09041843560319,72.09635032450282,0.8357729556475979,5
65.85683339328374,63.63014418597848,4.381504387364304,5
55.15427434352692,64.56239127199886,28.42594305527841,5
23.55439766955899,45.52960006688452,11.043466388409175,3
54.86125954092192,40.75609955281777,11.352865116996828,6
44.22376579375525,42.262325779076164,4.492915972898056,4
39.84616999541062,79.25897382416346,9.005669785734462,5
59.175144332613016,22.40655148474895,0.10182853752543086,3
65.46499283743927,72.02188976734692,10.108653099260426,7
63.96920178674298,54.7205245143436,24.451508595398124,3
37.41173715166042,46.31692515137543,9.482290438928432,6
45.36181436223178,63.51545962490819,20.690841132375436,7
54.96895147105346,49.200136485482176,12.872567929071607,1
64.63317690683539,72.40539428489964,1.2846813702599704,6
42.81238643232065,74.04211184067552,23.27424115981774,4
47.215115350042744,45.30325561240733,0.687541617901371,2
33.40497538990958,36.60966783410309,7.634998458928469,2
32.05690063878994,55.541019715601735,1.533110102075156,5
62.18788733591297,74.74180073700145,0.11775672614482025,5
70.34360042856234,32.63973134033999,5.482406856437376,3
48.91984817629499,57.37799501380897,3.4961521919037764,5
65.05299346838036,57.89361320555123,6.655329742231592,11
55.424540375714514,63.98678134491686,8.608557570924074,2
40.323203680923136,27.894061107635586,0.4472446625591256,6
55.42093408262621,62.949497880925314,1.3125204388468148,5
73.07054849698955,74.54195123993847,8.178998397282466,3
49.46260941335073,30.78098653221452,4.203260161910579,4
73.4696548372101,34.25259949543266,13.062768385614582,10
10.703823438653835,78.28370564249838,10.563912212517101,1
62.32853756562836,30.858617162569388,18.682368994973682,8
51.30570602357257,71.26310560217475,11.792568641026975,3
45.51488974301199,49.53667138688209,5.619980086040062,5
51.37641164803254,34.833864464190626,11.17693041105615,4
20.186466280986608,72.24499407635068,3.221095199801293,11
46.70492168243732,46.71831530015993,3.657351478809945,3
55.3566885726762,50.88904123578141,15.558268158503171,4
72.16841067112274,41.55400216398594,5.913481289156754,3
42.22594672589529,55.57705108609564,16.013722302693466,3
37.87259595660218,29.811432355101367,17.283474342218728,8
42.47364434623195,43.46489219910564,19.488508322579456,1
63.731031765531114,78.16473934011725,24.84529550993177,5
54.93126664489527,35.48800596206765,5.638488706998093,7
42.05359694349442,59.404199872477534,3.839974241431472,3
57.699011496700344,39.511403853481696,8.727494298500833,7
51.456163240220604,66.40838754119605,4.6389818297259,5
64.52967485799334,27.85241964310099,9.189797610752633,7
39.469203591839715,78.18926270471269,12.227678723694611,5
45.085067801033475,47.22737248301836,11.660510706740872,7
44.118377703017636,34.16302780078784,4.692885042407799,5
28.04727577801822,24.40980483980076,1.8255382580481638,4
54.44180415596864,30.185474305252445,5.63048013597861,5
53.91582908269834,51.186436913361064,1.5384389498610052,11
50.07670184963691,40.22019058587718,22.081574405370667,7
46.481192999372794,69.73300195295657,4.2446057617394,6
28.769438869243785,45.85325141970836,1.677795035251999,3
43.69032015851961,34.92285635525779,0.2577715439667666,0
44.85928225209846,57.0286991962418,10.379567580206073,10
37.96584096167572,62.40663301312675,10.1308338299682,5
47.580714325009865,30.02251447405699,4.164312671107416,5
56.060762852218076,30.05715297729906,0.7441312977627452,3
78.29278851815795,22.20028561601258,5.270039481117462,4
52.61866719247759,64.18412090393844,3.728297255282833,2
53.86325586084146,59.828271657308306,11.304765231587016,2
48.883311263507494,48.477852544988835,9.308442460058355,7
21.21843177051438,70.65022693815183,4.534906865588917,3
49.602291868261744,68.34020917700319,2.457631492242483,1
50.9034531491154,55.12126186380513,44.2585030936453,3
86.94863168727929,72.09627683079552,6.0513927246529375,7
47.114585528283165,32.350472602206096,11.656314385193248,5
54.523210135004184,26.71517716386367,1.5146608209468253,5
49.47932345442135,36.18497669101937,6.647340822689206,4
32.46982943570702,23.42521136535889,0.2792296242292531,5
67.14234221772531,51.87017168006192,7.0411736947070205,5
61.27899549030161,76.19634153769769,33.24719988512149,3
61.865479205645705,22.36061244011058,4.8484394479474195,3
36.35918817807892,27.326594840601608,0.39776720774783136,6
71.04191466404149,47.13194169700611,0.31445044725836535,6
28.972234058115788,76.0325010516743,4.910013626300815,4
58.80285640700406,38.96936629860503,1.7438307385113085,9
82.85683438714968,50.43408852130355,0.2362907708120056,6
35.14195512303968,22.494371543023526,14.114629041429104,5
41.50553405595842,28.900592057725333,6.134547044538153,5
51.49477047631462,79.19780737753081,3.414271728293356,4
42.44786518825701,77.90712178616273,23.03417269321543,10
26.74004853400801,20.296398856064577,1.2345542349786531,6
51.02844462209041,77.10870712539435,31.217225481409745,2
34.06544429410843,58.34719626893002,3.7682913549052626,4
57.10388645952772,72.07509767120132,21.92867135568108,3
36.20863648649295,47.28439133803155,9.236751206847723,2
73.24901607526309,50.93576171475502,17.52773551376384,5
38.251200614956446,49.33079481541521,41.359895960002824,6
45.16907725691487,60.01185545276626,3.402469648986117,5
62.202758260545046,28.379075285378775,32.47673665959655,10
31.53703525349067,21.798415392360678,4.934473296916218,5
53.41189901906194,38.47579649547146,4.869657232099602,5
69.60714131423643,62.2808457641988,4.161021376304796,4
25.88775148158159,32.1112071273769,7.795934968938802,4
52.769507877984566,60.40594599949504,1.674073799118866,3
53.89824191372635,78.19472276643623,8.067896422915673,6
61.72734307665966,25.634042947365103,7.802417880895128,4
31.445739336828773,60.356127093507574,14.350721383064958,2
30.193150803735854,46.62501315827427,17.936610477084535,9
57.829123484253465,72.08853526265032,5.806069315450655,5
54.45477009849779,30.628987366843155,3.6001372482894665,9
53.75739275518815,61.55755713356987,3.002067090421373,5
55.19672314245464,70.28691737888661,2.164458271101219,5
39.79962917632264,76.6768531684414,0.5937595780838081,1
53.48380545741505,60.99488169737875,4.192313984169898,5
54.39608709948022,49.83048584050564,3.1505010670516898,8
39.28472872960448,57.07083441207283,33.937467824296604,6
77.98661766717134,72.1342990687231,8.157868496541154,2
57.10749381367681,54.23658479832978,4.266024955171009,5
32.13044754196027,21.82322358181021,8.686145236225727,5
59.84830412950745,75.85692173041866,1.4988925750214477,4
35.379774946590175,61.37160506189367,5.87065673442903,6
61.806269056136784,60.59080314663479,9.841262057820114,5
67.37893368511106,32.94050914386303,6.711857709794751,6
37.68976522472434,59.53312821395943,5.13794694855752,5
64.45064193866483,43.63186433924951,50.91041263942461,4
56.191713904047475,59.07397862248953,21.228900002467967,7
62.33090239991735,26.395581818479442,9.765874838068079,5
78.4518947398092,59.47071827618216,8.425231203811368,7
46.31917825995694,79.96482354623998,9.693236433199543,6
38.693957534637654,22.89272233163336,2.2478503258578506,4
36.65728355561715,78.63045105327905,5.027545216901968,8
37.762845725518424,44.41447764337224,0.40259166365760213,4
48.843474358788434,72.24520702023554,6.453976290435795,3
55.117279622249654,66.94312904349641,7.831256837529745,5
54.150361989950284,54.02097565920007,2.5844660545894573,10
62.40774873554036,64.30695255507959,33.25037971899776,6
50.19502837816861,72.71093367808086,24.01904017398643,4
71.80301115735975,44.24841929906198,12.806495335237951,3
46.03014750143066,39.62198969379432,7.622542630659325,3
90.80253749884429,60.05560313381508,20.399836231826207,5
59.385010216475095,68.47075651647552,1.4001216907623093,2
37.14263665375576,65.73710808659695,15.63078291428235,6
33.93661252908332,67.86881893151806,1.3332662955202386,2
57.23708622864778,46.13499888877598,15.809022671741687,5
46.64805822011223,69.0700529705013,3.2264289979134264,2
60.71000741138138,27.212543322236506,20.96307625950449,6
57.09856436860317,52.669345877650976,28.831555463501637,3
48.90756631014691,20.345519629887296,1.6110342521460956,5
37.29809422897392,39.47514979401622,6.211532794591166,2
27.277291629712032,41.98769209228387,39.62652213142971,6
43.302275718994686,43.770361496555324,6.605007924873812,6
62.84598191485209,61.72803240139173,19.917788752652125,7
53.21140616195306,43.31348607622074,8.885090469242499,6
31.31391831932018,46.921617357351835,4.705316212803642,6
52.59771388776773,34.252647852459646,3.3656921906007593,4
55.77976069593255,42.39510749776041,2.271805529083864,4
36.74213845698301,33.63617763578909,14.346370292169555,7
52.305876589182915,24.39175542610662,4.886410428023759,5
50.87313077669,56.206915602882674,7.159562656140621,5
32.85544553254066,60.092767913300975,6.779147454089091,8
55.36681040522425,57.16942076057687,8.610429611735501,4
58.41176789552352,47.80964262803434,20.06764817913147,2
66.24576864762915,42.78714681075379,39.49690791335683,3
65.80703078052355,71.80001897430952,5.2354654024866685,4
29.334959480643633,51.144907108173086,17.574677418973533,6
35.93262440127316,48.75091265778386,14.461623965025863,9
57.7255290081299,21.538523948386143,8.522107958446627,3
57.706789263683135,40.474869657569386,31.246376651979347,5
57.72571529459072,42.811737127151424,2.2373687170445016,3
107.79097235982081,43.92936685381403,1.157074278197645,2
58.56335766039751,54.81034215363994,19.238881908927862,4
67.03348460270898,52.016152803612705,5.7830146194747645,9
64.31002645239803,56.47430556760668,18.771138110325932,4
59.77086876958697,65.8929956925277,22.35769839287117,5
45.27096133039482,68.7791443229656,0.644932886875834,8
61.38453830739901,63.08738457358967,21.49561588070323,8
38.40762178193643,77.33142175729608,5.9478539866842475,5
46.44772089889987,21.093954960581698,7.142329082461058,3
42.71954678256345,31.746679141012766,9.85084992085302,9
51.22811209079484,20.453772498688526,26.088739595647755,2
84.71987850010262,58.84848284927618,0.19301169365585844,8
21.99102211112378,73.88183293699922,6.478745639378233,7
60.2939028556177,34.608937794577955,11.638615981336585,6
25.809261932155223,75.6220726877784,12.826804175451045,9
42.9210220131585,23.61604341737365,11.793856657111078,3
66.33425895451049,76.06616160833086,1.4437295559530932,6
50.96420028643194,41.09736123437806,3.5581187130977403,7
33.83382833106041,26.085249706952993,4.442821224093347,7
39.27044436110047,49.15230555117954,16.318737627865215,5
60.19396623402014,35.40659406323048,3.26783149176632,5
39.04450052424295,37.092374117715366,2.3661509123624853,1
53.246878843729625,38.43739789557719,31.57028868950008,7
50.68357759855721,68.1815538699598,0.08902797672285237,4
40.22599478591275,52.34967660051527,61.28822993904087,7
82.15916133987989,38.67846194936022,11.295498544367533,5
59.50878533477017,56.6200269986551,17.6299301643837,5
19.622861200135894,62.969040453391614,3.490177585049206,3
52.796814721541416,36.35744004401202,0.1441872973801152,5
40.07320302847418,44.81294609152109,13.389128784347005,5
62.78650002194336,27.313165600216855,17.96638936493401,4
38.11218892350949,30.86896097208082,13.489066035480942,3
48.278953377996515,60.86707123789897,1.541426817102217,3
57.57480918470686,30.886300861737617,14.001009236042542,5
62.98632791255182,51.50980302002361,14.650033477280164,10
31.995553894163358,62.54277570334596,10.74526247331881,2
44.98248146238578,26.41261538568463,14.529297256924131,5
42.87582033258566,54.038733177734215,18.702926746788048,3
40.200061511394324,35.393767022081825,9.508928243129304,4
76.48181360421646,77.77561251425479,0.9277857239491574,6
56.07472566441433,49.01273880319548,6.687039837876222,3
31.086740684974323,68.35955298650948,0.8082979657432533,4
63.767929205821645,53.01359252937571,5.2347703482533525,4
81.8323429551895,22.60475197128915,5.227404730506311,5
65.4869789082672,57.989082535641344,0.6828938057355076,8
27.2094505106898,77.08420053239942,4.289699972993807,5
42.73648890700623,56.09670920877987,1.1765590487807251,6
69.00366723779933,69.15133156560742,16.514857100754803,3
39.38495801571829,73.05238780090447,29.505299850619984,4
56.657291422193424,33.68478631693595,0.7506463373245577,5
61.61951080144005,32.7226903944936,31.036562340686856,6
36.09604292632876,56.6588593310595,7.3935154938876115,7
49.107119659073,44.66170818840229,3.5605467627860206,5
1.380989898963911,70.39167817200322,0.7997662473957208,2
34.63418537998565,74.00138740388067,6.943964967713936,6
46.2114777291026,41.20528275816309,15.823848901976179,4
31.283252270527257,34.21223353846892,12.278778577836498,2
74.48616955897452,66.83153091463171,0.5153122949604646,4
28.54787933059051,36.48836213288817,0.7569582405825248,2
43.39933269954524,69.3568591108207,5.156259312160877,3
51.96110865929137,45.42429521892577,3.49969609380049,4
71.61909933599173,60.052993957488226,2.644660917325595,7
28.46206773230841,25.73211883008009,3.299001784555116,5
67.4474562823244,57.43155948059438,16.27005031156716,5
50.1534959152938,47.10606072423374,26.48292594543428,7
35.27737023428074,55.19650779052844,5.193664841775336,9
56.93155211394906,30.080852464691805,23.6564206824289,7
52.98589543360205,64.21242469665093,3.8786446405724955,6
40.99674684261808,71.7678246525937,6.470978859895242,6
51.04703127485028,33.00438800544654,2.5622087097278863,9
44.220296047073596,25.742873331209704,10.229744619715447,2
51.70276017876872,21.418315162780182,38.62333967976322,3
59.9319601178157,58.51829002659596,9.25061825810096,9
73.79025224218029,56.42564216532685,4.428774286066842,3
31.432767517597263,52.8018447628442,10.436056184754838,8
81.995500619844,33.916825766958524,1.3115784425231067,5
20.718683007162472,43.45435975433088,21.951584356663062,4
47.72322357446625,55.668580111170385,6.993341822032346,9
58.82475809726865,49.80601153155016,5.966554119061018,2
54.21487801602549,79.26713121289325,8.815627605399603,5
40.659507202691096,28.18638515340399,9.80253053151827,10
46.87816624464087,61.708673242855625,0.7448198725566497,5
42.604985980117505,44.259126086257524,11.4764672952438,4
41.15952864583683,45.69197689553688,2.7698176589151045,7
62.744031455315366,63.05586593949057,12.515978612695335,3
55.35523228947571,61.54616907946218,17.289807139817192,6
39.60635607109019,79.4753596221313,16.294289459954793,3
63.493998131498756,27.703657367247516,8.040809030749026,3
54.60949281314914,26.24657896304998,7.343231800466302,4
62.1929317825844,63.46032902772447,1.541726349642509,1
59.44443262885419,54.70321502038455,14.931945076374282,2
37.56507483616892,36.44963999358835,3.166432691086065,4
41.597284397045456,24.765162139339196,6.865597708997226,5
61.20940407684893,25.13949497578583,3.344579966637421,8
59.155553981501974,73.6514524798471,1.436721949072962,7
49.68647609053778,31.512039483124575,9.930575734759223,7
51.75991074963173,39.40229372693125,0.5586375972591637,2
69.16497343682637,33.59938413361928,13.808899279180803,6
41.12642916746255,41.29977834991624,3.8211993255389656,8
58.20646071755057,24.1654305647656,0.001347020764026737,6
46.96711021349159,51.14358745449622,7.1565691280444526,4
46.73478195159169,24.056753815532893,0.47984992361252177,4
66.48165277980786,68.0213904693417,3.231981099097797,4
62.38124523482045,34.02272491462598,12.275024255933232,1
62.20264454000958,52.400714876270634,0.6474080465882679,6
69.58218210731494,72.80474525368749,18.284555642147865,8
50.31505762449139,59.05264214283165,0.03827237196396057,7
60.22929456942446,51.977467193080116,2.834561730914955,7
45.34599865109816,39.460025186922536,13.505568463111041,6
54.86249528732663,39.98011478349187,3.801923951197497,6
48.047854184484734,60.16921731189141,1.0746538274379351,4
51.45493947489077,79.64836167327005,4.46652667564808,3
58.9273553815537,59.710351390962714,3.1524963848875602,6
37.726689751497915,53.46700504220149,18.49676137137029,3
81.3858091352819,63.83903061435477,3.7592754529383976,10
34.90973927750447,47.91233673702309,15.555771577313507,5
31.78717080818402,23.608540556047114,22.244409077040284,6
67.37166310250102,53.73780895267459,5.688386725432963,6
61.87494040944404,77.45751707032281,24.073140731611964,4
59.36179725578233,30.518176541459578,4.737194105595161,6
59.4251826389642,61.400293449239946,33.26416952168716,5
49.81629840729628,32.05602131954339,0.9353024181236151,3
36.54118442771252,52.14966106838487,11.616136446599883,2
51.137068372905894,25.800586978803178,6.808511682311532,3
39.842574327318324,47.02225617549111,4.904493137625131,2
64.62679600126627,65.36979973371476,10.016086674053277,8
47.79413927746792,40.85429145433892,12.169131426351242,7
37.61754204811233,59.89470346923308,0.043728164917464125,4
45.1792123752051,67.72699764738375,1.82665322371209,3
56.193971814134365,75.63066916876716,12.484335312686664,3
41.54413170794038,34.078524911327214,10.977688851674722,6
37.666694066503524,43.958954948558485,33.82792941040541,5
53.65530817237868,29.144960799825046,14.314498577567406,1
53.674498566630845,79.5490101295025,30.113070883768792,8
42.39585236943305,75.62005807545772,12.124772028770874,9
42.93442541572516,52.39742781683358,3.5389624900326484,4
53.480749060364545,70.52199766258528,1.113393782120359,7
28.27873487754014,51.25747863632253,15.224525761144807,3
28.888043384351672,57.415141280165585,10.33243797452025,7
39.22333668121346,25.347465926960997,0.49385654451541994,5
46.798292724322295,65.31622522980848,4.46365958707757,6
54.66361348397007,27.66280901811409,31.419105125441146,8
72.13034325424329,69.5640578151517,6.939497939883505,2
62.86489434803029,66.92168526022316,5.669183750725491,4
47.60092205054859,62.52468186457859,6.119351970499989,9
49.71475688145967,22.169622831485725,2.3430905925259577,4
34.96205953043287,38.187701356719714,4.599854525591701,4
49.72230296011415,35.78675419465057,4.617390844520374,3
45.670120416197925,41.60818444829114,0.5377534073609781,4
54.84077840507134,25.25856480583031,14.591559716130497,4
37.59153584671515,76.21746938186376,5.387184226637698,6
57.79019771361759,53.22813444274258,17.26982839782898,7
72.99108369503867,38.33145863948141,18.994426877388573,3
48.36859777314714,43.818891024457,2.382496443540625,6
56.02567583148412,46.83215243029014,10.710559234713095,8
60.352159875666686,56.03566000163704,6.391928577607432,7
43.98169292171246,50.94076566178987,21.215705393023597,3
53.36138722715625,75.16351839286504,2.4301554696629726,4
50.18888601172692,49.817808974349816,11.326237783834447,6
51.465141478232475,79.52948088939877,9.358612978430902,8
38.404853242168,71.08549746470575,3.4998519539015898,3
50.36765261388414,32.51063086144015,1.4687824248068755,4
57.46997436868175,75.83571287863498,10.545181635854284,3
71.76715411692562,26.981983873128566,13.416937537854709,8
64.3890623912781,69.04698250947149,3.7925269066017675,1
82.29773686267335,42.837397608594806,10.351660626804982,3
38.489786556679256,72.67845922670418,5.027432205813675,7
63.08480955081017,72.08340140644702,12.489941708327505,5
52.75013008607527,68.35552400705727,2.22163125706071,9
82.8470439982651,67.40182617842368,22.092313952729917,5
37.87552571967273,38.280748345882444,3.3884849273461874,4
37.40417236728836,24.85515698307513,4.585273151883389,5
41.009110318339665,44.178810725909685,0.5984762284370608,7
18.141564135352898,30.41147089919052,1.1823437635671135,3
42.113674674788584,61.6970653341477,7.253850879884061,6
38.61301007669453,40.76598359226713,3.1141846722572457,7
52.25590679714311,78.53661205159489,18.047245077470063,4
55.12633963665739,58.45832464071992,0.14802405694441706,4
78.14256258823829,69.34883381806165,4.765756556547071,4
64.25635757279075,27.951480364510907,4.11501611341643,3
41.346445165063955,71.72086893635736,0.19516851669877114,4
36.52377992977463,75.36543143080365,1.328098233045887,2
57.37878757259759,49.22371512913615,5.338259054757454,7
30.196501894690368,56.37517626505865,6.78977219233992,6
77.47188148781531,65.88858805417973,5.1800088323972195,7
67.69160181081931,30.490317635624752,7.570196375133226,5
42.962365218429426,50.15396458780654,9.041933879635168,4
24.302982063636836,43.919781666338785,0.09973390458152717,5
70.3080856124812,28.782439529734948,6.237986699666189,4
48.28190232121073,42.05206533749188,33.10422221009638,7
68.56724467960193,24.090338563129613,7.319551215848255,5
26.083585118084493,21.54871441696922,11.317832132238966,6
41.00937465569341,28.109977349289366,3.7376857968988038,5
50.07865549577275,77.78690669535044,14.871821306709975,2
50.70470890647113,52.97177215370102,14.824594264896799,4
43.249017927811344,77.94932966919319,7.366729262027566,4
59.34274898521248,45.94987269980792,37.30277584535845,6
33.98569355926108,38.70896798511558,1.341604072843749,11
47.8643077246806,50.36851177041464,0.170929200584672,6
51.804434475678484,46.37070131797461,14.703640839597828,8
57.71658251088124,26.339881055704634,16.45871308065946,5
60.674223171333345,58.44957888141237,1.2806888687847064,3
33.13036862243196,32.96229095057598,3.0867806434803486,5
26.988287438965667,57.175277293869776,0.17708232706465002,1
69.16515232847763,59.0120655438892,3.471612158516566,8
54.98471017969388,29.12149118771889,14.83430452128112,6
38.7727019516517,23.68097762664009,7.2972927557207,4
73.26727963283784,66.84569516410639,4.278573430933416,7
51.73511951439288,47.588025426159206,4.6480006315936535,1
67.6894577609574,23.489827730328546,0.013545426943478147,7
51.01277722115164,79.69197903018602,3.5639002391120704,3
80.91121887322981,23.466833659781997,10.397550865605174,9
76.33011263664807,61.702113731513194,36.571654542851796,4
46.2655377728139,79.02073551580482,18.77714998624691,2
64.57356426431534,34.350806252955536,0.238777834155165,4
59.680639243777215,28.53496212123177,22.882937492222588,6
70.52947336298523,27.283096365345735,15.287726907101524,2
35.52614809129843,38.196508854055736,15.158388483489995,1
60.29077189997659,26.062748660638803,6.1248145285644595,7
65.87636730274382,61.52968050164792,5.0750662599519565,7
23.618907703653285,23.737507887803762,3.60848969982313,6
32.25112231001337,50.56532768898738,0.6795219063427087,8
19.411517333598493,79.8018112311786,2.590756504330275,7
45.95889748333163,68.83821617036114,2.8316380850093332,5
60.76313383693943,56.913166293860655,6.61797884559367,6
72.53535578144042,38.3752172471967,13.761238826067157,6
51.111421706296625,57.43375017749831,6.420925886156549,7
74.42923318356938,51.6224878346991,0.5958489006248409,6
29.29847812677663,45.565003033422286,31.650934043967567,3
24.44926340967268,27.842622604411968,28.598791623520437,3
49.16678451655072,73.196252914428,15.379992357279178,1
55.76098173408961,46.98707892927935,47.47644483359943,5
49.509578778588605,31.677350709245903,7.863207766462898,3
18.98836849940185,42.06556105263738,32.905960797829,9
48.66319940730818,44.84778515173562,0.7861585344916983,8
30.432957492427203,69.65227373401245,4.552028996462768,4
60.04508823245058,64.01686283368412,2.553843293985911,2
55.498973691452726,66.15829361848039,2.179484245523082,3
35.90180320508967,20.661875865718834,1.51756987371085,2
42.2919962399496,44.96923989078569,9.739559723919811,4
34.11179717166573,48.88064909811942,15.201542911231599,4
49.059813540902425,21.151536609383403,8.634573226958267,5
64.32713480751858,35.58879252470206,1.5895201566782515,8
35.21410930496684,65.6173893873281,16.666633458146542,6
57.560697732767665,28.226582343739942,10.104769882173969,3
42.04613572441339,52.1186078871555,4.912937947777809,5
38.10690751606484,32.91211232103425,11.21257657067068,6
48.394544600681634,20.727246478633596,3.009766945987171,3
34.47136516370939,34.472087455972485,4.234135344939628,8
41.69526041979227,78.55242529460322,24.947854019627048,8
32.03183161116728,68.09222671297937,3.43201132890464,5
79.47087699374583,77.574598659262,6.348561371298942,4
50.52895327957593,49.27124263558174,22.085588042617506,2
39.50411738011122,26.58417192065021,12.300476518437321,6
53.20969866101333,52.87756933842158,0.6422201247407275,5
48.31507925463755,47.26264007359765,1.5935106340465577,6
46.685456007001655,70.66142496437695,0.07872497723973615,7
59.21250050065138,25.884954847054676,9.967467068014916,3
61.36261565070958,49.29446822130669,5.936157870102337,9
42.04248278584209,29.002919881639055,1.441878005901035,2
41.3627263903298,39.480555613403595,31.685183433152222,0
45.874224542725344,64.24142464326798,7.542988546284627,6
15.471182528966224,48.56108776212599,2.7693113030920475,4
27.272134067021717,42.553297108746165,6.9435505205251555,6
70.50311401166786,43.66857671420212,11.382485262732562,4
74.67451570251926,47.5668061043592,0.7930213477005081,5
46.264459406654325,67.10099263022342,3.211751765850929,2
58.648354445836496,73.52508133641406,16.44886302350852,5
54.66875231815304,77.3200811902357,6.155657215573473,4
96.18321212682856,67.2142031753177,7.909301276058035,3
66.79362367151865,38.924413744880766,5.670715168023113,5
48.0812361277885,61.28808236519253,0.4489270890015703,3
35.666893390993614,46.25618744332351,1.8122189742519366,3
25.90330519613641,35.28023732276307,5.8976356742227605,4
53.051954538008346,70.45229476555537,2.34691808249024,8
38.654738820735446,22.3055809377395,0.5127121953612684,5
28.666194356034886,74.1057195281254,18.55656046387431,4
40.301406736362104,47.68864787748405,39.735011031952396,4
33.77677994578407,58.232088608496824,15.757269365677423,4
75.30712452608847,59.56123533234696,19.226766022694783,4
63.224596354241754,73.70706444239218,2.7704172270921132,7
49.88041038025074,58.20018093003244,32.34674354858788,8
72.19916208335039,56.836015085603705,2.193080468413782,7
51.16052461471428,23.999122433641396,30.247453182020514,3
37.08073698007605,51.104481316712246,52.62813931989295,6
72.84686115904486,29.0101400490225,12.438327816846819,6
58.08365065526988,64.24602612328914,39.70909889426446,4
34.441307685103155,50.73331524876047,8.429003625594063,6
47.14491982874588,60.8136667525012,3.004860724923195,9
36.86572619922865,22.500374036143057,5.744683429928096,6
29.25800403553496,25.087520962748194,9.003212637616178,4
63.892663212974625,62.97940328376094,0.7588970221384388,6
78.64124960705196,24.3250601599204,9.73769603394951,7
29.02148639271288,24.275403665915515,39.72720207875388,4
58.444538550358565,20.726508514093247,2.108539411153337,3
40.2403614631726,77.39008389796881,15.73082436156245,4
42.69311924352956,64.25050156754043,23.848672389512572,5
41.11409113641696,41.19508451012385,28.77089035892496,3
37.04013845480276,37.792134877259315,32.22271694448199,5
50.72782441917241,40.982193784750976,7.370147220569544,3
37.535748253834434,66.47921187087091,37.85738784859356,5
54.056852386697585,59.68223666422487,14.159712237241735,5
49.246428358262946,31.111734072048076,1.7634517448085627,5
46.41577929700385,30.44656012004506,6.479828321383203,6
36.386545069376034,25.903738982803837,12.67023278921252,6
41.34843004147501,59.61816318208029,2.841420999797959,6
61.33086838738634,65.86235973330416,10.233615524613528,5
57.51375781436571,35.90278569950024,10.984137455189629,7
35.33667132802174,21.25669766185477,1.775725437985096,3
51.489984581438385,24.930300048585643,8.32605387708658,5
61.27080685057683,78.07160209070183,14.76774632041396,7
24.958920783179423,37.72668664864521,6.90940945159936,2
58.15040288569902,66.15338887028801,0.12176955887700333,8
40.060643615812296,57.47981413125583,0.09079563850904285,4
58.55898002889739,42.91637837917375,4.416561918201067,2
38.55111265186225,32.341235731733306,26.06316177052402,5
22.926768490032213,27.283185089564384,2.5964777096391694,5
25.586863431752562,56.900778082331996,10.0611612505522,4
50.72127419992073,66.47802683826728,2.511262797305097,6
53.89583752582223,58.63425521246784,3.881213685465557,8
36.43525062343387,51.8181279949495,18.841517017541253,4
59.57888688166061,22.517073405898177,13.051253056263972,3
25.0771990659656,78.10932665566303,1.00261623036669,6
49.00880302029025,67.92285149927447,5.598443507801786,4
31.83475700356315,37.56932220205788,0.29603659802252136,2
40.222458382967616,78.79821976153104,6.556397546358057,3
50.71098006974621,56.112895378179324,10.859942668955455,1
37.09379952074072,54.94535949243479,1.261332534369584,9
44.23166683655262,64.88439076577193,3.4092103232703446,5
65.0943921382166,68.70618728540825,5.0722648428285035,3
41.34662195715277,59.38871643989016,25.1988356829711,4
62.535381680977125,27.685744781972,49.989560759023504,3
33.05439718013573,40.296050359669906,0.4595106218168274,4
57.947062668729245,75.685018419563,14.313248803005745,6
71.6235293098685,33.476936710631115,4.64775824305489,4
12.925332498090661,42.330021430250795,4.983342768841731,2
38.046571167942844,45.92461297665176,14.035014509953418,6
58.6560819077081,46.36429938166713,25.062499928371725,3
46.95431920935511,56.77637494967153,30.14478786587206,6
55.56718810056963,76.58455026468246,8.606729434454637,2
40.94022219926269,34.4415627099503,4.41799000649414,8
51.2988468120935,27.290082578055085,15.490443095770987,3
47.664841469118805,31.848229391596238,2.890181422787728,6
67.5167309248971,73.21549401255618,8.302828409517735,4
53.816312649518196,58.74864875931236,4.440684118766535,5
55.064039931128036,37.15440735434961,10.689498229877938,6
43.82184550816299,68.95681633811704,2.7496186888850964,1
42.6859066389126,71.68219978180616,2.126895672844426,5
43.51162718270569,70.79086032141669,25.03955981789687,7
55.91678213567445,75.13559201837327,1.0736661870379178,6
43.68523278769605,35.134461210401696,7.0513455840981765,6
54.34662285344619,65.3025157247767,2.495552688905251,7
81.13101197968157,47.632369836448404,0.3970799371386665,4
63.06687055147539,70.5199131734037,0.366835056113271,3
45.10964701748238,63.70944062969679,1.9264074345832685,8
68.01820883245918,66.58684678998347,20.156809818707227,4
43.87886940467673,59.36971026086429,3.3195270666804944,5
19.428131972332192,30.645726168182414,30.049581125357598,5
34.87870533623894,52.7016151338163,8.713706491738638,3
21.938121184612164,79.0801843714705,5.7379060981508765,9
44.72729773938037,76.24328398982713,8.677121011941033,8
50.276275687843274,22.5904241478207,7.271143589950865,6
75.14655968412924,29.888888943766226,14.220303685493484,3
54.90391060646244,27.903726407273716,3.3197684839872643,5
46.71349206786704,63.55879459911773,4.3548687252262654,5
62.441083717752335,69.0671197914167,22.452062273805208,5
16.832970364881724,32.81068197864032,29.272611169441504,3
53.53421837162849,50.351161577109735,22.308062291973073,7
61.562977908304504,70.44218168067201,5.43775893497494,3
27.821206313302376,63.96809268597504,15.157904915515273,0
67.15631064810394,52.5342323295109,6.469045124116817,6
55.07744611241621,55.420861427526376,6.882389499473696,6
43.77068129148798,50.5016328149768,2.290108667160451,4
59.491727991594274,37.85290707912924,8.943587635739942,5
84.06039286706593,53.90131957154097,2.0596187747433077,9
52.72799382587743,61.33311812300544,4.028156695729184,5
53.723308794505044,72.39937495164847,19.312298452903548,4
43.109586506896335,58.177481238754886,2.320276599131031,3
37.25233445802812,65.66729222258948,0.7381693700302627,6
62.455037248163684,29.60429809727438,0.7150415706895463,2
37.15874261136699,47.693448465187394,28.26572293283546,6
51.073493558290885,20.559897189625598,7.070847345157995,6
42.83513829852325,34.80073187129738,5.2663674980166375,6
57.18469738619588,63.587702906780294,16.65366041661833,5
55.00493157930423,79.5085970809618,18.068279988809696,3
65.56309916386849,25.950685975232954,4.037531240628876,4
42.349754017178796,44.08965895167729,11.829227771663488,4
45.95187597059943,68.00425812194956,14.74569733059262,5
35.31854426326539,32.24213807773393,10.631988723472205,4
43.33560109885833,53.30509695813718,1.6439725102804932,4
55.65950739567278,63.98427776178049,20.86531282741948,5
61.35482924968028,56.95912701561074,7.745623605709238,5
36.167520137335615,31.28148407692497,3.319439019404437,5
63.044088801584905,41.323074121144366,5.537821611877681,7
70.33456788207427,67.02750706912383,0.38295075702702275,3
56.20152354835551,53.253590847921,1.36813115846664,2
78.151937188371,20.313776812574766,14.504990735121403,4
38.39316201344641,65.65944560168563,0.00011634823050432323,4
31.330179450328746,22.118681296414344,5.3882365021327105,6
23.31919626643582,64.74402696387392,7.392124409338731,3
72.44066467233775,32.14883360991425,0.5618356915649692,5
59.81548484531086,77.48440880716282,36.148175362787754,5
49.16622993634317,42.07644507812507,2.563453451831128,5
54.1995293947973,39.615896980284745,3.626911761341702,5
33.11766429052435,28.93328301994668,3.623230247239586,3
86.68627969425239,38.33625292941289,2.6190603022539465,10
51.93831772962841,72.59904570969204,0.01474909230385058,5
51.64092191907339,79.78006025763483,13.069095710746874,4
60.88649935848038,42.098571830410904,34.06576818902749,4
57.2151384760507,46.916637857272555,2.53981030444211,7
53.35826036418697,63.32425629216422,10.878123934605872,3
38.142883168320324,73.17174682790447,13.54393941280624,6
57.072025357039934,55.58266005120705,18.86677228037035,2
78.2303674471255,43.491541890669765,5.492705793872256,4
70.18130069232467,44.75731045091742,3.6087074205934924,4
73.89779939959095,61.73708878980841,3.934799193146354,4
42.33176485353222,20.193095816256722,12.469545359924233,8
35.15592769612129,57.17536024759044,16.97064750630053,5
48.11319619850528,41.329580626481444,2.004211316416398,8
50.835873684330416,67.65183987662505,4.635302399667804,5
66.41287277706422,25.57943838938793,23.22177749177033,7
24.61303055427771,55.29213601690343,16.43478368729371,8
72.9432547919092,48.858373393167426,41.903095386823765,3
47.629881521315156,58.53953155431364,14.03433438320041,4
43.5967839507887,23.891215668978102,4.995481228836644,6
34.81843437109749,54.799027245687874,8.93155023299958,4
25.17714992201346,53.689075277571426,10.817972204129243,4
62.34755875942872,53.639605664970254,0.8170455545483112,6
51.09976950782606,56.20925999578729,7.863528863524105,2
30.650586503884192,60.58807623358173,12.355351233568276,4
30.573818419045757,68.29933998084618,1.831074303129447,2
44.96322951064808,36.18924320769286,15.170033059741117,8
75.0353228793409,69.50296461080373,8.765239671469429,7
46.10612972954593,49.89534093580722,30.41185511110514,2
27.45285570322841,24.62349674805987,0.433484105221125,5
46.313854038710836,23.513055754638753,3.0832860280943803,6
45.90914645378494,40.05429912176365,9.201829951622438,7
9.546700355876425,67.09381862668806,3.517725691046352,7
49.18557700223282,62.460856084454946,12.53247660188759,7
46.53598204686983,67.31689788034438,14.229802649098477,6
60.44309547220128,51.03614338649656,1.0815994603859407,5
77.73434142418017,46.41193987732943,7.212472435450758,5
66.89847544321637,28.84715160237704,7.110882749898155,8
45.96666964167754,39.69156521655869,4.608944761872568,7
33.40211136887494,46.04116197043251,27.019418337671755,4
88.60039704874791,25.316025780777032,17.57394680128082,5
50.888276510217324,33.236717162672676,11.947137417483798,8
50.20893937869419,55.89351764382433,12.529062038255496,5
49.638123693349954,64.1397868543514,6.193692442292758,2
52.971271411517826,79.90085068357698,25.382380757120377,3
47.834593821140864,75.98679988061346,11.861179133342091,7
41.39506989679646,58.55391197211149,13.055665773552832,3
41.79711588139412,45.27488319764432,19.78264270871572,8
49.50870094676002,58.17064188249396,3.203038769287745,1
41.84862843299352,67.13909708481393,16.45432535124599,5
39.30731325984253,27.10017145540324,2.1721193189903327,3
51.596453415378456,44.59429338177729,4.236422441660145,5
46.17534173868717,70.38813713813704,4.088866362702278,5
72.55989482874033,43.02997711598264,38.40887622252615,2
10.235452874104823,54.31233627363119,19.416796763724424,7
66.37260277883692,55.26616165173189,12.07879965984888,2
68.69127788746444,31.06857518801836,12.984914234202144,4
18.89914651387776,41.734126499137304,8.25702579684131,5
44.85968608879477,40.07067732451593,29.391755305092016,4
44.428387010063126,21.571802511923888,6.856925413210559,4
28.887324579232683,21.451505833481313,4.788711656821708,5
38.33274968613687,69.9018226205464,1.7797342794015172,4
33.34136231801257,36.38424859836874,15.4274071788312,4
76.28405665135435,51.084725974328926,13.259292819722024,5
64.03517589721191,37.92353441532639,4.850848428490843,7
69.07332642491238,76.44075470692043,0.2551620095439108,6
60.82508096064853,35.55780553194643,18.263343161106416,6
33.06422343174156,45.779408764336104,0.11483669104263555,8
42.132196005803394,72.36381502907611,12.163820806602379,5
57.34061841841877,70.51601400750852,35.15165157939812,2
31.668082866620818,31.16608507077664,5.7565099163695885,4
60.69497645258582,68.15859858774263,2.678446810487069,6
46.39511902762798,47.49121320427356,12.203427641197981,3
44.377687886756036,48.97813232512131,16.989696010093255,3
60.664399523052374,28.008798344956627,7.906063631889006,5
56.6639496722906,24.83609082542748,34.12317236403083,5
44.585507512713804,63.67635841842591,0.5305138804256164,6
67.38994705046372,49.787669141317984,7.027846689285737,2
33.78405008600154,46.21104215691077,12.674592473497782,6
59.239034104163956,63.7704937191438,19.85153492430679,4
58.89651886952576,65.93077393946658,1.975435601599549,3
45.35680341029015,29.534490060161215,16.094553214040424,4
54.89199533363177,56.61350896865848,8.045415873998298,2
31.233296354220457,28.12124493666113,5.050981935027793,6
63.860405288103514,65.08250516174274,1.4123531011449273,8
47.22646795335516,59.41730937602837,20.04673710604255,5
42.15915469221441,77.39687726500748,1.7111246387631098,6
65.73513838755333,24.13748098138527,3.7075627822243247,5
39.43484464185861,23.42328326907526,3.425544405277208,5
28.873080554546604,36.93122448159201,20.511576037003103,6
26.650562397141442,35.70234102415436,11.168872457261294,4
59.0901492701846,34.81872794431999,15.929810583106407,4
30.793559712555755,74.3752748312622,2.8830613219322627,5
76.32191272976547,34.972771990970365,9.804935749765662,5
18.771058881744167,36.316983567717855,8.48038762122536,4
75.44684552435058,65.56389574507782,17.887462741929173,4
53.16526200803928,46.984390547032405,23.653871012100744,7
48.549303321944116,66.60263341731087,0.12231269408971249,5
41.826213697865754,23.921969453863113,11.20919000889536,4
55.987041715281066,49.25427162040306,0.5322758404622274,3
49.435479463627274,22.01681601099696,7.959746073698896,9
66.54952823024783,23.75919220732127,3.39161670569886,6
51.7134147299306,74.38624720066466,3.664029645294619,6
52.25452642192816,28.35472226705571,4.353448496791171,4
44.54581681679216,51.94524093651303,9.709910051382613,7
49.14581564418399,44.66573615604239,4.06540634782834,6
54.61702653338089,40.84059957553056,13.193801039927687,6
24.347474110150618,73.99000074123634,5.183998787738292,2
29.777218668414307,21.30940380652937,0.7080150641358879,6
61.148961410340725,59.82738117053535,15.313656485833336,4
52.562981571919124,77.80366605281303,3.3653389295171383,7
47.24024995470981,53.610091007710515,5.669849126609429,8
50.2765089959809,76.20934772198551,11.565927870318259,6
55.21372558042506,23.135472757161427,4.041502086904978,3
41.90360479535958,45.12759914444968,0.5824970382389809,4
38.32542911896531,35.60946745772307,4.682787928521473,5
52.93767882646522,63.84925789884379,28.904462491680324,3
35.32440833577452,78.8778254298348,10.26480660671112,5
56.12379133571708,35.39180374665487,11.131549686950414,8
24.461245936432395,59.250476088444465,10.004393567361385,8
65.43733455988465,31.885857965584407,2.218845179287726,5
57.08896223619564,53.919815274296596,5.4185864551089225,5
53.840446014708135,47.83594920130017,13.90060638098674,8
64.74036475918271,78.32031977789222,1.0688712205436364,5
74.98211666693865,56.51163636178799,3.25526249643295,4
65.21555097527195,40.97038232520913,3.23404741308102,3
22.386886530025322,26.845747093276003,5.6566718404598095,7
30.806345498964475,29.074809724096074,39.30632133279656,4
40.62772133456482,33.519015797074104,0.6988885849612299,4
50.3913657531625,35.05799968041788,7.312665687059473,5
57.76488530703685,71.03696347046827,1.976764606755113,3
39.11384280269802,53.6733672969515,35.293675852257735,5
52.80150146715617,51.403454682461984,1.202525251555425,4
38.66925601470016,26.886132312153048,5.168453767797388,6
40.82723295512078,71.6083816009661,13.389718823677082,5
28.900083547276665,63.36885819250902,12.19270648703156,5
36.151501308336435,24.060101714000094,5.494428230199096,2
29.724730915754996,62.47010583378612,4.254497289318204,5
35.36190120534001,52.61229304055876,5.068541514341259,3
65.80462694911759,24.903520744806695,3.0690058827003934,3
35.759016667520854,47.498038491719385,2.298320428713375,5
89.48573097256086,49.08177722780282,6.597891918683802,4
57.39976851321334,29.946472409796545,3.127042059539351,3
52.77254185542311,76.74188882001694,3.389215646337138,4
37.1246332972818,70.99852228883972,10.693138993831841,2
60.50464819113487,60.1413402397465,34.589535693063155,6
41.36543260643339,47.73773366003643,9.254253269426673,7
51.83014721968042,44.70593249507051,0.801037988599451,3
88.40126807403192,59.05840802905725,0.7859267448855107,5
48.559101504130254,52.725912164414325,30.2460965743243,4
67.23909989428513,23.736386352913136,3.5281211471835943,6
39.45235362311169,50.7501589262199,0.9658467632080676,6
49.47517264254557,68.38421703397037,9.13905047758824,2
76.56200953453265,47.55439265581748,9.772324713005839,2
40.59549413318349,23.117394653256106,10.455592808231318,5
77.18672836995393,67.17669196304199,3.1115819666956597,2
60.616279031832136,32.08182692815846,0.15226013884891113,7
41.56299836158598,35.51725009328233,33.52846441207963,4
59.48611608583281,29.882381205937754,2.8887350951926583,5
64.58831674440094,39.81290389228985,11.270929024461608,7
59.327149433257944,65.4050903413181,12.26320224450076,5
26.446629201643155,51.16315157023624,9.416275581918198,7
39.09294236262697,32.29287644904275,3.752861984840892,1
46.287220466727426,72.66980468912246,3.1621359103256594,3
48.88349856349931,72.77491129709175,9.104783632203588,4
59.31008146326017,72.23470550276042,20.106294174939904,9
52.66551501399881,34.32777268289236,29.324519609425632,4
29.969834619348482,47.07436065085929,1.1194414515742714,5
55.70296776508945,79.0993793684525,1.68215846863097,6
59.15878617925735,66.32074857859942,28.956382596989194,6
58.396856718965594,21.63004527353359,13.338356138087226,3
66.21171088331933,23.912275475629524,21.45528566344447,3
62.50883231823356,47.835882608739965,2.2643977054999205,5
56.88770118842655,74.55321235169362,8.85727267264709,7
48.94751432812029,52.32210787716285,12.077786855710812,6
25.08558599726013,49.868750482057415,11.397839863491777,6
56.44427328698879,26.328421997397836,5.245049115039434,4
53.115315307446664,59.40680628345764,0.15514623464414973,7
54.0736825579306,69.32618963601354,8.744917510906712,4
30.84877136269536,42.825200450453735,2.918260323785145,8
33.784151893876064,66.53671105551965,5.982993733477003,5
65.79729279999356,77.8685992340487,31.601592595005435,5
49.406672692150174,32.22598754766135,5.092191109697122,4
60.22251046058936,51.39977787168448,18.313422735144417,5
50.42477564195692,37.22827748507453,2.0892093117129655,2
50.446342092436176,67.57126514203037,11.161466144629726,3
64.07425708963997,54.65560195286945,37.72563475685664,7
42.25932907673939,58.074945053018226,1.0746617642062763,5
51.44181165411475,67.87484957695364,0.08354746125244858,6
43.06587066942436,43.75822835974729,5.684243568250689,7
43.482556588515266,74.90540410442259,0.9719999573860999,2
45.36241814797041,51.9817320347684,13.79852552895761,7
53.33200657450569,29.47728937012088,24.59808232896316,5
42.818770675047844,61.75394709012815,5.691982557212377,5
68.83634188360281,67.59568102629527,2.9936558249531924,7
36.580890466707444,39.0057006240516,5.698740325333454,6
47.196925337579614,71.43075541992518,12.853557519560594,5
43.40403412588738,74.36859528594599,0.0909539960722861,0
71.704668265306,36.614269242668534,8.90267272289478,7
52.94832164767362,79.01128836291332,9.500845778521457,5
65.47766809202952,28.442691682925506,10.152502413531678,5
27.71659440444542,32.1209401041494,2.7710102302640163,6
54.00575398803888,31.053490354281568,12.519478326323366,8
63.34446193435156,73.63938260047223,0.95840955605836,4
51.23425983913136,59.25755313949771,2.222318875893984,6
65.98220562598027,29.126256993336373,20.99399761780521,4
42.24067324849442,46.41940510210094,13.421747086453292,1
71.1402116027837,56.917881504188124,0.13840898858926481,3
84.48347185428875,25.007845099362996,2.8551942648368076,4
44.55742159340512,72.94498210444033,2.4131577425847266,5
43.31746217898842,68.21621212649211,3.158159142692778,4
71.80076715676552,50.31240641459829,2.8443371445712247,5
73.69358218596068,78.02759691555022,0.645665703233147,2
42.15709959270097,45.06565875650598,6.142260553421355,2
43.69719774356214,79.04661914218987,13.195088966992705,5
45.773230867092394,60.07519992821762,9.332632656949173,5
29.833242334485846,58.08027639523649,11.174027343031469,5
36.220220802737025,29.9572937177471,0.8463149682819495,6
34.93788849871898,72.91566549827864,30.259999566340138,4
38.483036523438074,45.649381275236905,18.23199573158289,9
49.47972668919828,29.734004346948762,16.352189994881975,7
53.51322098804781,20.75645119854554,17.315140536547307,2
73.25750739221115,53.585341018302955,26.987511931963837,3
35.024689388918134,51.64397732736058,7.858195678500353,4
64.76483597714875,63.16121734214951,2.2349613579934706,6
46.790167336617365,73.41548318106813,9.591554567975782,7
49.25804435521351,24.76439507858177,13.582181862348355,4
60.122292382499054,63.88978942042174,13.390955323734007,5
33.159169676565526,31.244716645854933,7.369925411967152,5
55.736146192760756,71.49062318942984,0.7091477358703707,3
52.49678312319584,69.14381083169937,4.638035907562944,3
57.38676896012224,52.44762529913266,25.353574587032664,7
54.33752965861727,62.61456791739869,8.781497113730817,3
86.82950209866341,38.861006791024906,7.729091380348862,8
40.43390023623026,48.27007393596888,3.1314144858586386,8
42.035045674972736,69.2982138626283,4.595764535531472,5
40.65289210362853,47.55591183039283,22.57096460059006,5
41.66784321259618,41.46789591952651,10.980016177460652,3
40.439193090402235,49.65274683501799,15.482817930749604,3
67.83524796661328,69.6949551462331,6.0576914642129855,6
71.30756371984782,40.11248284225236,9.949206573550217,5
41.438805593757856,30.425695588144627,2.8552920319633817,4
37.51466640343657,62.72084121984685,12.223432806039842,6
57.07123334579606,69.55869276248491,5.579195613223623,3
41.716654335785435,26.038248711412,5.843744199039752,12
59.493977266332664,34.39244676535668,10.478877810532037,1
53.0438453127695,28.518319385659634,27.532665471097385,6
27.263838275041522,40.87648469493,0.6614658309229908,1
73.21257801995093,47.021058734324754,17.41503165207152,6
76.93816509643283,64.92958021779839,3.458524481461356,1
40.80816964273421,59.06885509290045,5.868421292278963,4
44.18447660096024,57.25571404870587,0.22156991989469393,3
54.287980860873574,41.142496796579266,3.581704585696388,3
55.01685184980538,70.4868531850856,6.984235614676293,5
59.878164090092454,48.27723004388987,0.5781565284795499,5
80.15306808149525,78.74629628090926,6.754953535639746,5
47.34579158758926,58.04852829774421,26.188124511245782,9
38.02554133192319,27.575884493870163,1.1137100709082457,3
29.31021157978209,60.57065372452604,14.457927117388012,3
39.036049400871214,39.506240925901935,5.270753607973251,6
49.503095406893046,61.17963180116585,10.647145091201232,6
76.91836795276681,24.178468889744344,3.0142487091456522,3
42.235830514457426,30.492886230557563,1.7374912039518329,7
53.35681927458348,71.34423553434718,1.7490427012821894,4
49.753656558908716,33.63077342141089,0.7309980660067168,1
67.82589910172126,70.22246751457641,2.053609836776891,7
87.90398638810433,36.75656530726462,10.912972637863321,7
42.03696840619519,58.572914603522456,21.34452152258195,2
42.658408362226666,61.64903441058986,16.826845626614077,5
65.66241315603608,50.759285188703174,11.55609111636457,6
60.22837234439467,38.31864060180388,1.1701917381063147,9
77.7006098860405,32.75866258226577,3.4134652148442965,3
58.75892277988946,21.991361273745575,3.7078382971596358,4
44.610618638194104,38.23678407444343,2.876246692962019,10
58.85982246038464,59.18976743187698,7.236180576173268,4
66.63055370874362,76.29828910690895,7.66909582939844,4
62.30723271796046,72.27226893578313,4.414332379172578,4
57.609110466609465,65.96388659211816,4.366294487848322,7
66.00012034383731,67.30684059519791,17.634962509770876,8
67.5394338566851,59.89909420855972,15.572860162690782,6
70.7323848655629,35.61721145396018,3.678743259567037,6
59.73064831384464,74.43170184234978,24.509510485028333,3
47.493228795247184,60.243938714350044,30.536795938460052,5
52.20070529649984,53.6264378588264,3.956274697877902,6
68.09763449762535,26.659368152808867,4.376138071241865,2
37.74596493519146,46.82333262838553,7.0447945577086015,8
55.53009963309352,47.62149627211558,28.322676044813527,5
44.09991781508959,71.87381657136021,20.900531108927872,4
50.431172344022265,52.798893211267306,1.0821788581405427,4
69.17677793910948,42.824032938224576,4.987830002340477,2
52.86648602029855,78.60801971063955,8.060274314681736,5
50.69654822234223,26.64323559957894,6.9943183278406815,5
29.60215788530121,45.352905698716675,2.1550166000817743,4
61.193803490408314,22.521480510284317,19.57696736955853,2
59.68226271711613,64.39424724601582,11.299196381880567,4
82.4488208495819,75.08459313194903,18.19593516299441,4
45.38332647570499,36.80223977302937,19.573250068054282,1
53.287254914959085,71.50050060794726,13.797393071697513,8
53.74075525566133,37.53309382771387,5.784098472380772,4
73.66179919645211,74.64620969863492,9.430114594270497,10
48.57056701419572,65.23771421580705,1.747884890733034,6
54.185322886555085,68.29440661048632,11.19770812249557,3
59.11844764574809,21.08039333602727,1.9754068939390215,6
52.79913684734537,77.76862142444156,11.840054537024763,4
43.30349578174208,63.600259524219396,2.6084303111006464,3
52.911349893474615,38.285065723168,1.2505462234616282,2
66.10447624789659,69.76367989153081,1.8066431894304849,3
34.602270508834096,36.891271904895795,0.01994122159710626,5
51.99454511220314,72.36523037396768,12.68474411846264,3
39.4981877759124,26.75482342471622,13.182658709838012,4
67.92569943387264,62.22115864764775,7.2346897462705115,3
27.15219642824338,52.44190859869462,1.759770868407549,6
41.61617229092617,25.79206821172645,0.8725250152402091,5
55.658178125967815,34.51362969553034,0.19314292317149664,5
73.4828604385151,20.74424217663889,1.812199761150679,4
49.01374608390518,48.12607792787035,22.150829071496347,4
41.67200709960203,38.07591564560002,2.7646105316183545,6
78.21735604160885,55.90144905786553,4.373758746010938,4
28.27979149375634,37.83426846251703,1.1131765141096672,6
17.017910650698774,37.99514669041908,2.5149326466168302,4
56.60021675079999,64.5915919238962,7.323550010191644,5
42.46918663471083,22.888570158701206,9.358627276617398,5
34.681507743039305,74.17369971151923,2.8150427992378697,4
60.6253467094903,71.13583246347089,0.5946571278768154,5
53.65701070656798,60.06828099358439,4.959909850233758,3
41.538820538949075,55.593294206443055,2.6683864178505585,4
30.795434019936582,73.53814988837914,2.4788962947202298,6
63.08685992420217,31.119810771722868,32.15451761506007,6
59.753017669379915,24.738149731449717,9.578955481509968,1
48.51236204330926,34.370610194572286,8.139111519309452,3
77.69955494071499,67.67469672201142,5.374692735779751,4
33.94872850510771,22.080216003589,5.6026858446347205,6
27.117122436128916,54.968410105009376,7.7849812701981635,4
39.62137895178133,79.7262509714786,11.921424169238051,3
49.31620975466753,71.34176563025237,12.111521683350459,14
53.65009173984038,51.28674134261537,1.883725162262277,5
46.38145913215505,23.818454557198542,6.933727101430839,4
55.28083094771445,69.88241086314258,5.309570666740723,5
31.22690863714334,55.93871049063263,20.442826532666185,5
71.65646906109889,26.89597982357401,9.9809456772371,7
48.76773232411147,25.631437089401373,7.60364628507229,7
66.75943747382192,74.57760916619554,1.2261365679360687,7
55.14088019566556,60.152015776284706,9.304857291327357,2
56.85129828730676,69.75720795900534,1.2466102880534775,5
58.546509203483055,72.73873401693604,4.1129191436873045,3
56.715628400259725,54.30634112289933,1.5413297226742526,7
59.64084139801316,51.04678110530247,11.778946383162886,2
69.93728795198646,45.82564461925941,2.3098939187944643,6
52.94781754552205,39.01679526746716,4.9734912966168485,4
60.63505636382769,46.07575765152271,22.6024212088713,8
48.6539645856916,66.43277934380939,2.2855363873015353,5
71.6017582317421,56.11540586090789,7.08880429494969,1
39.85411546911095,73.55139739729077,5.434722066342404,2
77.01410649366224,46.602800862751266,0.1829029331656515,3
49.39763074033485,56.425374723125245,15.738686344559243,6
28.538373468229278,57.87845318551932,0.71545311529372,8
51.92156622366184,55.501829738379534,6.429390145675242,4
39.78422513787679,62.15802638513098,8.225233209326529,3
62.60965323483086,34.246008102488375,9.900084710640918,6
40.210640310464136,50.741826652747434,11.667785960571894,6
43.307248501778304,26.25348816850086,2.9205479692199448,8
21.656889035817034,43.07067965868875,0.10028898364548042,6
43.21540521126385,49.26002411727586,12.853407259893984,6
13.64181010056565,59.13345557272835,7.671309128726943,5
26.24145764771415,77.0318631551722,18.086068113128853,4
61.40621984216446,56.039063992901355,17.225414553314458,5
61.787002379762484,64.61563497059359,18.535891364679213,5
56.38186342677447,50.37596356971217,6.637722009982694,6
35.495357853061805,58.04624188257988,4.059077998369884,11
49.2843296578703,24.255932968026407,15.680954258319293,8
49.945961913641476,35.26349485051082,6.001927060322706,7
32.624529662111854,41.711185592308325,2.0265757471542902,7
72.55097452650726,48.349601300390816,19.308423771734564,4
63.16043435863507,22.738924730143026,21.41826664834698,8
46.68553739255504,28.40144585319906,6.279396760045075,6
50.40328758491796,36.60885846747834,0.7871828968795785,2
53.125742119213285,78.29196145406304,4.907388700351495,4
19.373976973635642,39.88082042618305,16.272845172494385,0
46.29233926219105,48.92246348672495,23.204846234997667,6
39.77023628003302,31.765862764303577,2.2749392862008513,0
34.975699851576266,56.6468042645461,0.6932179560363473,7
45.78349560671067,36.84099293095846,20.98424202804143,9
76.96529790274283,32.419554706305604,4.9332128744462596,7
59.61264291900515,50.99435770675875,7.803643189371355,2
41.432315153258045,20.33034794962525,34.44078120529211,4
58.58874172034238,20.45984195895352,0.6888365735912734,8
